{
    "authHost": "http://laravel.test",
    "authEndpoint": "/broadcasting/auth",
    "clients": [],
    "database": "redis",
    "databaseConfig": {
        "redis": {
            "port": "6379",
            "host": "redis",
            "keyPrefix": "laravel_database_"
        }
    },
    "devMode": true,
    "host": null,
    "port": "6001",
    "protocol": "http",
    "socketio": {},
    "sslCertPath": "",
    "sslKeyPath": "",
    "subscribers": {
        "http": true,
        "redis": true
    },
    "apiOriginAllow": {
        "allowCors": true,
        "allowOrigin": "http://localhost",
        "allowMethods": "GET, POST",
        "allowHeaders": "Origin, Content-Type, X-Auth-Token, X-Requested-With, Accept, Authorization, X-CSRF-TOKEN, X-Socket-Id"
    }
}